{
    "metadata":{
        "materials":3,
        "faces":146,
        "type":"Geometry",
        "colors":0,
        "normals":130,
        "version":3,
        "uvs":0,
        "vertices":130,
        "generator":"io_three"
    },
    "materials":[{
        "DbgIndex":0,
        "transparent":true,
        "opacity":1,
        "blending":"NormalBlending",
        "DbgColor":15658734,
        "DbgName":"Material",
        "wireframe":false,
        "colorEmissive":[0,0,0],
        "colorSpecular":[0.5,0.5,0.5],
        "colorDiffuse":[0.529491,0.529491,0.529491],
        "shading":"phong",
        "visible":true,
        "depthTest":true,
        "vertexColors":false,
        "specularCoef":50,
        "depthWrite":true
    },{
        "DbgIndex":2,
        "transparent":true,
        "opacity":1,
        "blending":"NormalBlending",
        "DbgColor":60928,
        "DbgName":"Material.002",
        "wireframe":false,
        "colorEmissive":[0,0,0],
        "colorSpecular":[0.5,0.5,0.5],
        "colorDiffuse":[0.293838,0.3075,0],
        "shading":"phong",
        "visible":true,
        "depthTest":true,
        "vertexColors":false,
        "specularCoef":50,
        "depthWrite":true
    },{
        "DbgIndex":1,
        "transparent":true,
        "opacity":1,
        "blending":"NormalBlending",
        "DbgColor":15597568,
        "DbgName":"Material.001",
        "wireframe":false,
        "colorEmissive":[0,0,0],
        "colorSpecular":[0.5,0.5,0.5],
        "colorDiffuse":[0,0.181273,0.64],
        "shading":"phong",
        "visible":true,
        "depthTest":true,
        "vertexColors":false,
        "specularCoef":50,
        "depthWrite":true
    }],
    "faces":[35,58,0,57,128,0,0,1,2,3,35,62,1,3,64,0,4,5,6,7,35,64,3,4,66,0,7,6,8,9,35,66,4,5,68,0,9,8,10,11,35,68,5,6,70,0,11,10,12,13,35,70,6,7,72,0,13,12,14,15,35,72,7,8,74,0,15,14,16,17,35,96,26,9,76,0,18,19,20,21,35,76,9,10,78,0,21,20,22,23,34,4,3,11,0,8,6,24,35,2,11,3,1,0,25,24,6,5,35,5,4,11,12,0,10,8,24,26,34,11,2,12,0,24,25,26,35,6,5,12,13,0,12,10,26,27,35,0,13,12,2,0,1,27,26,25,35,7,6,13,14,0,14,12,27,28,35,35,34,32,29,0,29,30,31,32,34,0,58,15,0,1,0,33,34,8,7,14,0,16,14,28,34,14,15,8,0,28,33,16,35,15,58,84,16,0,33,0,34,35,35,16,84,86,17,0,35,34,36,37,34,15,16,8,0,33,35,16,35,17,9,19,21,0,37,20,38,39,35,10,17,86,78,0,22,37,36,23,34,10,9,17,0,22,20,37,35,8,16,20,18,0,16,35,40,41,35,16,17,21,20,0,35,37,39,40,35,26,8,18,27,0,19,16,41,42,35,20,21,25,24,0,40,39,43,44,35,18,20,24,22,0,41,40,44,45,35,27,18,22,28,0,42,41,45,46,34,21,23,25,0,39,47,43,35,19,27,28,23,0,38,42,46,47,35,9,26,27,19,0,20,19,42,38,35,74,8,26,96,0,17,16,19,18,34,23,28,25,0,47,46,43,34,23,21,19,0,47,39,38,35,25,28,22,24,0,43,46,45,44,35,34,38,31,32,0,30,48,49,31,35,38,40,30,31,0,48,50,51,49,35,40,35,29,30,0,50,29,32,51,35,29,32,31,30,0,32,31,49,51,35,13,0,36,39,0,27,1,52,53,35,39,36,35,40,0,53,52,29,50,35,14,13,39,37,0,28,27,53,54,34,40,42,44,0,50,55,56,35,15,14,37,33,0,33,28,54,57,35,33,37,38,34,0,57,54,48,30,35,0,15,33,36,0,1,33,57,52,35,36,33,34,35,0,52,57,30,29,35,44,42,46,48,1,56,55,58,59,34,38,41,42,0,48,60,55,34,37,43,41,0,54,61,60,34,44,43,39,0,56,61,53,34,39,40,44,0,53,50,56,34,43,37,39,0,61,54,53,34,41,38,37,0,60,48,54,34,42,40,38,0,55,50,48,35,45,47,51,49,1,62,63,64,65,35,43,44,48,47,1,61,56,59,63,35,41,43,47,45,1,60,61,63,62,35,42,41,45,46,1,55,60,62,58,35,49,51,52,50,1,65,64,66,67,35,46,45,49,50,1,58,62,65,67,35,48,46,50,52,1,59,58,67,66,35,48,52,56,54,1,59,66,68,69,35,53,54,56,55,1,70,69,68,71,35,52,51,55,56,1,66,64,71,68,35,47,48,54,53,1,63,59,69,70,35,51,47,53,55,1,64,63,70,71,35,62,128,57,1,2,4,3,2,5,35,0,2,1,57,0,1,25,5,2,35,58,128,129,59,0,0,3,72,73,35,62,64,63,60,0,4,7,74,75,35,64,66,65,63,0,7,9,76,74,35,66,68,67,65,0,9,11,77,76,35,68,70,69,67,0,11,13,78,77,35,70,72,71,69,0,13,15,79,78,35,72,74,73,71,0,15,17,80,79,35,96,76,75,97,0,18,21,81,82,35,76,78,77,75,0,21,23,83,81,34,65,79,63,0,76,84,74,35,61,60,63,79,0,85,75,74,84,35,67,80,79,65,0,77,86,84,76,34,79,80,61,0,84,86,85,35,69,81,80,67,0,78,87,86,77,35,59,61,80,81,0,73,85,86,87,35,71,82,81,69,0,79,88,87,78,35,106,100,103,105,0,89,90,91,92,34,59,83,58,0,73,93,0,34,73,82,71,0,80,88,79,34,82,73,83,0,88,80,93,35,83,85,84,58,0,93,94,34,0,35,85,87,86,84,0,94,95,36,34,34,83,73,85,0,93,80,94,35,87,91,89,75,0,95,96,97,81,35,77,78,86,87,0,83,23,36,95,34,77,87,75,0,83,95,81,35,73,88,90,85,0,80,98,99,94,35,85,90,91,87,0,94,99,96,95,35,97,98,88,73,0,82,100,98,80,35,90,94,95,91,0,99,101,102,96,35,88,92,94,90,0,98,103,101,99,35,98,99,92,88,0,100,104,103,98,34,91,95,93,0,96,102,105,35,89,93,99,98,0,97,105,104,100,35,75,89,98,97,0,81,97,100,82,35,74,96,97,73,0,17,18,82,80,34,93,95,99,0,105,102,104,34,93,89,91,0,105,97,96,35,95,94,92,99,0,102,101,103,104,35,105,103,102,109,0,92,91,106,107,35,109,102,101,111,0,107,106,108,109,35,111,101,100,106,0,109,108,90,89,35,100,101,102,103,0,90,108,106,91,35,81,110,107,59,0,87,110,111,73,35,110,111,106,107,0,110,109,89,111,35,82,108,110,81,0,88,112,110,87,34,111,115,113,0,109,113,114,35,83,104,108,82,0,93,115,112,88,35,104,105,109,108,0,115,92,107,112,35,59,107,104,83,0,73,111,115,93,35,107,106,105,104,0,111,89,92,115,35,115,119,117,113,1,113,116,117,114,34,109,113,112,0,107,114,118,34,108,112,114,0,112,118,119,34,115,110,114,0,113,110,119,34,110,115,111,0,110,113,109,34,114,110,108,0,119,110,112,34,112,108,109,0,118,112,107,34,113,109,111,0,114,107,109,35,116,120,122,118,1,120,121,122,123,35,114,118,119,115,1,119,123,116,113,35,112,116,118,114,1,118,120,123,119,35,113,117,116,112,1,114,117,120,118,35,120,121,123,122,1,121,124,125,122,35,117,121,120,116,1,117,124,121,120,35,119,123,121,117,1,116,125,124,117,35,119,125,127,123,1,116,126,127,125,35,124,126,127,125,1,128,129,127,126,35,123,127,126,122,1,125,127,129,122,35,118,124,125,119,1,123,128,126,116,35,122,126,124,118,1,122,129,128,123,35,62,60,129,128,2,4,75,72,3,35,60,61,59,129,0,75,85,73,72],
    "uvs":[],
    "name":"CubeGeometry",